feature,lasso_coefficient,kept
CY,-0.10264677424346058,True
tausw1,-0.06665231831666306,True
tausw5,-0.052603630609251883,True
_SecondaryStrC3,0.04771586551910042,True
CL,0.031232088384534618,True
GearyAuto_FreeEnergy5,-0.030974247509509115,True
LQ,0.029521686222271446,True
AE,0.029074271424017153,True
PT,0.02753319124864618,True
QSOSW3,0.027105666434602528,True
APAAC4,0.025126543326958323,True
MoreauBrotoAuto_Hydrophobicity11,0.02480705002557669,True
RC,-0.024682973258805554,True
CF,-0.02364427919268784,True
KW,-0.02137347951809412,True
QSOSW15,0.021075232619881656,True
NK,0.020999188678809032,True
_ChargeD3025,0.020324133586429875,True
_HydrophobicityD3050,-0.019885323945051627,True
MoranAuto_FreeEnergy2,0.019613497053660472,True
GC,0.019581490399661484,True
PW,-0.018380768048326397,True
DI,0.01809125670168732,True
GearyAuto_Mutability5,0.01797510194114713,True
MoranAuto_ResidueVol18,0.01734265219315794,True
SA,0.01708294526908436,True
MoreauBrotoAuto_Polarizability15,0.01563355791154483,True
_PolarizabilityD3025,0.01528186634900664,True
VC,-0.014612573204595991,True
SC,0.014011572016210566,True
CT,0.01383146695994188,True
_ChargeD1050,0.013567965937359793,True
GearyAuto_AvFlexibility8,-0.01292570173278357,True
PD,0.01248864528407251,True
QSOSW1,0.012482858309684243,True
QSOSW14,0.012029077731555418,True
EQ,0.01197789938502265,True
DK,0.011820816286559179,True
MoranAuto_FreeEnergy12,0.01054552552537525,True
_SecondaryStrD3025,-0.010320584074217527,True
AM,0.009493167003778447,True
MoranAuto_Polarizability8,0.00946877526306445,True
CN,-0.009252501659888725,True
QSOgrant8,0.009183448386569558,True
LP,0.009024480227852467,True
MoranAuto_Mutability7,-0.008920253299511335,True
AS,0.008431142255673622,True
MoreauBrotoAuto_FreeEnergy10,-0.008374167218811422,True
MS,-0.008196185553364379,True
GT,0.008164318044924122,True
SD,0.008106706452279977,True
MK,0.008017644978011869,True
LA,-0.00782880572429796,True
WK,-0.007528549496447196,True
VD,0.0071973948469040315,True
RV,-0.007031928197754928,True
APAAC44,0.0070303640207419376,True
KE,0.006955791357507725,True
_NormalizedVDWVC1,0.006926752331641803,True
RH,0.0066785294449272425,True
MoranAuto_Steric8,0.006606644467063158,True
VE,0.006465270632396891,True
QSOSW13,0.006334406920121914,True
GearyAuto_FreeEnergy3,0.005737100742282223,True
AH,0.005713228871271699,True
TK,0.0053694831224933015,True
WL,-0.004948777752739198,True
HF,0.004943437718954871,True
CR,-0.004585117563708191,True
MoranAuto_Mutability8,-0.004040713899249728,True
QSOSW18,0.004016394328281301,True
YR,-0.003969974186505896,True
ER,0.0037499909754175253,True
_NormalizedVDWVD3025,0.0036529383240601404,True
QT,0.0034058849255171495,True
HA,0.0033953270048879647,True
TW,0.003153998611967908,True
QSOSW12,0.0024523675859792447,True
_ChargeC1,-0.002370653058648974,True
NM,0.0022143607111589666,True
MW,-0.0018838254011758436,True
QH,0.0018540360942238036,True
MoranAuto_Mutability4,0.0018069328887819656,True
TN,0.0017928632585064812,True
NV,-0.0017903242178024877,True
AT,-0.001780856600323908,True
IP,0.001762149177051276,True
HT,-0.0016829175707277781,True
DE,-0.0015407889742375855,True
GearyAuto_FreeEnergy11,-0.0011740210628099113,True
GG,0.0010317675701562068,True
QY,0.0010102119396630093,True
YH,0.0007986156031372778,True
CS,0.0006996735030724992,True
QN,0.0005553232757803551,True
EE,0.00015548581070486678,True
AV,-3.347175898921588e-05,True
VN,0.0,False
RA,0.0,False
VR,-0.0,False
MoranAuto_FreeEnergy4,-0.0,False
MoranAuto_Polarizability12,0.0,False
MoranAuto_FreeEnergy7,-0.0,False
MoranAuto_ResidueASA6,-0.0,False
MoranAuto_ResidueASA12,0.0,False
MoranAuto_ResidueVol7,-0.0,False
RE,0.0,False
MoranAuto_Steric2,-0.0,False
VQ,0.0,False
MoranAuto_Steric3,-0.0,False
YY,0.0,False
YW,0.0,False
YT,0.0,False
MoranAuto_Steric4,0.0,False
YP,0.0,False
MoranAuto_Steric6,-0.0,False
MoranAuto_Steric7,0.0,False
YF,-0.0,False
MoranAuto_Steric12,0.0,False
MoranAuto_Steric14,0.0,False
YM,-0.0,False
MoranAuto_Mutability2,-0.0,False
VA,0.0,False
VV,-0.0,False
MoreauBrotoAuto_Hydrophobicity2,0.0,False
MoreauBrotoAuto_ResidueVol2,0.0,False
MoreauBrotoAuto_Hydrophobicity3,0.0,False
MoreauBrotoAuto_Hydrophobicity5,0.0,False
MoreauBrotoAuto_FreeEnergy5,0.0,False
MoreauBrotoAuto_FreeEnergy4,0.0,False
MoranAuto_Hydrophobicity9,-0.0,False
MoreauBrotoAuto_Hydrophobicity8,0.0,False
RR,0.0,False
MoreauBrotoAuto_Polarizability7,-0.0,False
MoreauBrotoAuto_AvFlexibility4,0.0,False
MoreauBrotoAuto_AvFlexibility3,0.0,False
MoreauBrotoAuto_AvFlexibility1,0.0,False
RN,0.0,False
MoreauBrotoAuto_Hydrophobicity9,0.0,False
MoreauBrotoAuto_FreeEnergy3,0.0,False
MoranAuto_Polarizability2,-0.0,False
MoranAuto_AvFlexibility7,-0.0,False
MoranAuto_Hydrophobicity11,-0.0,False
MoranAuto_Hydrophobicity8,0.0,False
MoranAuto_Hydrophobicity7,-0.0,False
MoranAuto_Hydrophobicity6,-0.0,False
MoreauBrotoAuto_Mutability11,-0.0,False
MoreauBrotoAuto_ResidueVol8,-0.0,False
MoreauBrotoAuto_Steric13,-0.0,False
VI,0.0,False
MoreauBrotoAuto_Steric10,0.0,False
VM,0.0,False
VS,0.0,False
MoreauBrotoAuto_Steric8,-0.0,False
MoreauBrotoAuto_ResidueVol14,0.0,False
MoreauBrotoAuto_ResidueVol11,0.0,False
MoreauBrotoAuto_Mutability7,-0.0,False
APAAC18,0.0,False
APAAC17,0.0,False
APAAC8,-0.0,False
APAAC5,0.0,False
QSOSW19,0.0,False
APAAC2,0.0,False
APAAC1,-0.0,False
QSOgrant1,-0.0,False
YL,-0.0,False
QSOSW9,-0.0,False
QSOSW8,0.0,False
QSOSW5,0.0,False
QSOgrant3,0.0,False
QSOSW2,0.0,False
QSOgrant4,-0.0,False
tausw7,0.0,False
QSOgrant5,-0.0,False
QSOgrant6,-0.0,False
QSOSW11,-0.0,False
AQ,0.0,False
AD,0.0,False
Y,-0.0,False
W,-0.0,False
P,0.0,False
K,-0.0,False
L,-0.0,False
H,0.0,False
G,-0.0,False
APAAC21,0.0,False
AG,0.0,False
D,0.0,False
PAAC12,0.0,False
APAAC38,-0.0,False
APAAC37,-0.0,False
APAAC34,-0.0,False
APAAC33,-0.0,False
APAAC27,-0.0,False
APAAC25,0.0,False
C,0.0,False
QSOgrant16,-0.0,False
_SecondaryStrC2,-0.0,False
_SecondaryStrC1,-0.0,False
_SolventAccessibilityC2,-0.0,False
QSOgrant17,0.0,False
GearyAuto_Steric1,0.0,False
GearyAuto_ResidueVol4,-0.0,False
GearyAuto_ResidueVol2,0.0,False
GearyAuto_ResidueASA7,-0.0,False
_HydrophobicityD2075,-0.0,False
QSOgrant20,0.0,False
GearyAuto_FreeEnergy4,0.0,False
GearyAuto_FreeEnergy1,-0.0,False
GearyAuto_AvFlexibility7,-0.0,False
GearyAuto_AvFlexibility4,0.0,False
GearyAuto_AvFlexibility2,0.0,False
GearyAuto_Hydrophobicity5,-0.0,False
MoranAuto_Mutability10,-0.0,False
MoranAuto_Mutability9,0.0,False
GearyAuto_ResidueASA2,0.0,False
_HydrophobicityD1075,0.0,False
_NormalizedVDWVD3050,0.0,False
QSOgrant9,-0.0,False
_ChargeD2100,0.0,False
_ChargeD1075,0.0,False
QSOgrant11,0.0,False
_SecondaryStrD3075,-0.0,False
QSOgrant14,0.0,False
_SecondaryStrD2100,-0.0,False
_ChargeC2,0.0,False
_SecondaryStrD2025,0.0,False
_SolventAccessibilityD3100,0.0,False
_SolventAccessibilityD3075,-0.0,False
_SolventAccessibilityD3001,-0.0,False
QSOgrant15,-0.0,False
_SecondaryStrT13,0.0,False
_PolarizabilityT23,-0.0,False
_HydrophobicityC1,-0.0,False
_PolarityC3,-0.0,False
_SecondaryStrD2050,0.0,False
HL,0.0,False
HG,0.0,False
HQ,-0.0,False
HC,0.0,False
HN,-0.0,False
GY,0.0,False
GW,-0.0,False
GF,0.0,False
GL,-0.0,False
AP,0.0,False
GD,0.0,False
GN,0.0,False
GR,-0.0,False
GA,0.0,False
QV,-0.0,False
QP,0.0,False
QF,-0.0,False
QM,0.0,False
QI,0.0,False
RW,-0.0,False
KR,-0.0,False
LV,0.0,False
LW,-0.0,False
LS,-0.0,False
LG,-0.0,False
RS,0.0,False
LE,0.0,False
LC,-0.0,False
LD,0.0,False
HM,0.0,False
LR,-0.0,False
IV,0.0,False
IY,-0.0,False
IW,-0.0,False
IT,0.0,False
IQ,0.0,False
IE,0.0,False
IC,-0.0,False
IR,-0.0,False
HV,0.0,False
LN,-0.0,False
NC,-0.0,False
CH,0.0,False
CQ,-0.0,False
CE,-0.0,False
CD,0.0,False
CA,0.0,False
DV,-0.0,False
DW,0.0,False
DS,0.0,False
QG,-0.0,False
NE,0.0,False
NQ,-0.0,False
DG,-0.0,False
DC,-0.0,False
DR,0.0,False
DA,0.0,False
NP,0.0,False
NG,-0.0,False
NL,-0.0,False
DP,-0.0,False
QQ,-0.0,False
QC,0.0,False
QD,0.0,False
QR,0.0,False
QA,-0.0,False
EV,0.0,False
EW,0.0,False
ET,0.0,False
EP,0.0,False
CM,0.0,False
EM,-0.0,False
EI,-0.0,False
RY,-0.0,False
EC,-0.0,False
ED,-0.0,False
EN,0.0,False
CV,-0.0,False
CW,-0.0,False
NR,0.0,False
ND,0.0,False
EF,0.0,False
TP,0.0,False
TM,0.0,False
TI,-0.0,False
TQ,-0.0,False
TE,0.0,False
TR,0.0,False
SV,-0.0,False
SY,0.0,False
SW,-0.0,False
KN,0.0,False
SK,0.0,False
SG,-0.0,False
SQ,0.0,False
RQ,-0.0,False
SR,-0.0,False
RG,-0.0,False
PV,0.0,False
PY,0.0,False
RI,-0.0,False
ST,0.0,False
YG,-0.0,False
YQ,0.0,False
YE,0.0,False
YC,-0.0,False
YD,0.0,False
YN,-0.0,False
YA,-0.0,False
WV,-0.0,False
WY,0.0,False
TY,-0.0,False
WT,-0.0,False
WS,-0.0,False
WP,-0.0,False
WF,0.0,False
WM,-0.0,False
WG,0.0,False
WC,-0.0,False
WN,-0.0,False
WR,0.0,False
WA,-0.0,False
WW,0.0,False
MP,-0.0,False
MF,0.0,False
MM,0.0,False
ML,0.0,False
MI,0.0,False
MH,-0.0,False
MQ,0.0,False
ME,0.0,False
MC,0.0,False
PS,-0.0,False
MR,0.0,False
MA,-0.0,False
RF,0.0,False
KT,-0.0,False
KS,-0.0,False
KM,0.0,False
KL,0.0,False
KG,0.0,False
KD,0.0,False
MN,0.0,False
PP,0.0,False
PF,-0.0,False
PM,0.0,False
PL,0.0,False
PI,-0.0,False
PH,0.0,False
PQ,0.0,False
PE,0.0,False
RK,-0.0,False
MT,0.0,False
FW,-0.0,False
FP,0.0,False
FK,-0.0,False
FH,-0.0,False
FQ,0.0,False
FD,0.0,False
FN,-0.0,False
FR,-0.0,False
MV,-0.0,False
MY,0.0,False
PN,0.0,False
